{
  "mean_long_return": -0.003311753976207086,
  "mean_short_return": -0.029285361039550647,
  "mean_long_short_return": -0.016298557507878866,
  "annualized_return": -0.07035040756669364,
  "annualized_volatility": 0.11842751633982855,
  "sharpe_ratio": -0.5504990060286343,
  "sortino_ratio": -0.8565748412060786,
  "var_95": -0.0901883825746474,
  "cvar_95": -0.13639385589947342,
  "win_rate": 0.3076923076923077,
  "best_quarter": 0.11232953848688547,
  "worst_quarter": -0.13639385589947342,
  "num_quarters": 13,
  "max_drawdown": -0.20174871922272808,
  "long_only_mean_return": -0.003311753976207086,
  "long_only_annualized_return": -0.042307720133578086,
  "long_only_annualized_volatility": 0.24410525416936715,
  "long_only_sharpe_ratio": -0.054267639383285,
  "long_only_sortino_ratio": -0.12291502759588654,
  "long_only_var_95": -0.1718055804903943,
  "long_only_cvar_95": -0.20587822460821328,
  "long_only_win_rate": 0.38461538461538464,
  "long_only_best_quarter": 0.19598483226179572,
  "long_only_worst_quarter": -0.20587822460821328,
  "long_only_max_drawdown": -0.3501015397041448,
  "short_only_mean_return": -0.029285361039550647,
  "short_only_annualized_return": -0.1210470916598646,
  "short_only_annualized_volatility": 0.13441276140635752,
  "short_only_sharpe_ratio": -0.8715053759223041,
  "short_only_sortino_ratio": -1.18651499231809,
  "short_only_var_95": -0.12855340244746882,
  "short_only_cvar_95": -0.19927612389930333,
  "short_only_win_rate": 0.46153846153846156,
  "short_only_best_quarter": 0.045941370040525745,
  "short_only_worst_quarter": -0.19927612389930333,
  "short_only_max_drawdown": -0.19112131198269022,
  "baseline_name": "pe_lag_1q",
  "target_name": "target_pe_current",
  "signal_mode": "prediction",
  "start_year": 2010,
  "holding_period_days": 60,
  "return_column": "holding_period_return",
  "periods_per_year": 4.0
}