{
  "mean_long_return": 0.029285361039550647,
  "mean_short_return": 0.003311753976207086,
  "mean_long_short_return": 0.016298557507878866,
  "annualized_return": 0.05947365390229198,
  "annualized_volatility": 0.11842751633982855,
  "sharpe_ratio": 0.5504990060286343,
  "sortino_ratio": 0.7531339792790606,
  "var_95": -0.08340747156130046,
  "cvar_95": -0.11232953848688547,
  "win_rate": 0.6153846153846154,
  "best_quarter": 0.13639385589947342,
  "worst_quarter": -0.11232953848688547,
  "num_quarters": 13,
  "max_drawdown": -0.11981598773166124,
  "long_only_mean_return": 0.029285361039550647,
  "long_only_annualized_return": 0.11321870885208996,
  "long_only_annualized_volatility": 0.13441276140635752,
  "long_only_sharpe_ratio": 0.8715053759223041,
  "long_only_sortino_ratio": 5.412999802889024,
  "long_only_var_95": -0.03824162152647243,
  "long_only_cvar_95": -0.045941370040525745,
  "long_only_win_rate": 0.46153846153846156,
  "long_only_best_quarter": 0.19927612389930333,
  "long_only_worst_quarter": -0.045941370040525745,
  "long_only_max_drawdown": -0.14277144479223092,
  "short_only_mean_return": 0.003311753976207086,
  "short_only_annualized_return": -0.017134387050747102,
  "short_only_annualized_volatility": 0.24410525416936715,
  "short_only_sharpe_ratio": 0.054267639383285,
  "short_only_sortino_ratio": 0.1331412264006325,
  "short_only_var_95": -0.19353415381622108,
  "short_only_cvar_95": -0.19598483226179572,
  "short_only_win_rate": 0.5384615384615384,
  "short_only_best_quarter": 0.20587822460821328,
  "short_only_worst_quarter": -0.19598483226179572,
  "short_only_max_drawdown": -0.2751183982815386,
  "model_type": "lasso_regression",
  "target_name": "target_pe_current",
  "signal_mode": "current_pe_relative_change",
  "start_year": 2010,
  "holding_period_days": 60,
  "return_column": "holding_period_return",
  "periods_per_year": 4.0,
  "top_n": 5,
  "best_alpha": 10.0
}